dataset,runs,baseline_mean_rmse_test_median,fit_seconds_median,n_features_in_median,n_features_used_median,n_regions_median,n_test_median,n_test_clusters_median,n_train_median,n_train_clusters_median,region_mean_rmse_all_test_median,region_mean_rmse_covered_test_median,region_rmse_lift_vs_mean_median,rf_r2_test_median,rf_rmse_test_median,test_known_region_coverage_median,test_known_region_unmatched_rate_median,test_rule_coverage_median,test_rule_unmatched_rate_median,test_target_std_reduction_median,train_coverage_median,train_target_std_reduction_median,train_unmatched_rate_median,warning_count_median
diabetes,2,75.0764563558186,0.9618905500101391,10.0,8.0,154.5,126.0,44.5,234.0,61.5,64.97872144593359,62.09588843041505,0.13423589980707618,0.41730096165958425,56.13079261258629,0.8452380952380952,0.15476190476190477,0.9801587301587302,0.01984126984126984,0.5282819854989541,0.9850427350427351,0.5084911028269299,0.014957264957264958,0.0
friedman1,2,4.796006109903637,0.7538599999970756,10.0,8.0,148.0,126.0,43.0,234.0,55.5,3.595345354419012,3.4621744209720013,0.2500992020060732,0.7170355911829281,2.528375608707812,0.8849206349206349,0.11507936507936507,0.9880952380952381,0.011904761904761904,0.5274847315101829,0.9700854700854701,0.6043619529415722,0.029914529914529916,0.0
linear_sparse,2,119.00263604277333,1.1383079500228632,14.0,8.0,108.0,126.0,36.5,234.0,45.0,104.18877551690973,79.00685413710721,0.14957703071360795,0.7876094390239259,55.670208663087806,0.6388888888888888,0.3611111111111111,0.7142857142857142,0.2857142857142857,0.5598624379035815,0.6474358974358974,0.6160480375270481,0.3525641025641026,0.0
nonlinear_signal,2,2.4550691775947193,1.0174784999981057,12.0,8.0,126.0,126.0,37.5,234.0,52.5,2.2907045526853675,1.9840429133477286,0.06939035975530494,0.5801208767072735,1.5776224767687526,0.6825396825396826,0.31746031746031744,0.7936507936507937,0.20634920634920634,0.5634117502469187,0.7948717948717949,0.6074967581851889,0.20512820512820512,0.0
