dataset,runs,assignment_stability_ari_median,baseline_mean_rmse_test_median,compression_ratio_median,fit_seconds_median,n_features_in_median,n_features_used_median,n_raw_regions_median,n_regions_median,n_test_median,n_test_clusters_median,n_train_median,n_train_clusters_median,region_feature_jaccard_median,region_mean_rmse_all_test_median,region_mean_rmse_covered_test_median,region_rmse_lift_vs_mean_median,rf_r2_test_median,rf_rmse_test_median,test_eta_squared_median,test_known_region_coverage_median,test_known_region_unmatched_rate_median,test_report_std_reduction_median,test_rule_coverage_median,test_rule_unmatched_rate_median,test_target_std_reduction_median,train_coverage_median,train_target_std_reduction_median,train_unmatched_rate_median,warning_count_median
diabetes,2,0.35705675763396316,75.0764563558186,0.799071765940698,0.47051665000617504,10.0,8.0,1461.0,293.5,126.0,34.5,234.0,41.0,0.8888888888888888,65.0644557198445,63.6992129398611,0.13301958211951076,0.41730096165958425,56.13079261258629,0.6045110572716316,0.8849206349206349,0.11507936507936507,0.4417794359686354,1.0,0.0,0.4417794359686354,1.0,0.45765007212251896,0.0,0.0
friedman1,2,0.21519831947070933,4.796006109903637,0.7924729744848371,0.36478289996739477,10.0,8.0,1513.0,314.0,126.0,35.0,234.0,49.5,1.0,3.3802906798085255,3.4015872986295843,0.2947787626305685,0.7170355911829281,2.528375608707812,0.6679579156375101,0.9484126984126984,0.051587301587301584,0.4928474949582737,1.0,0.0,0.49284749495827357,1.0,0.5951386136745022,0.0,0.0
linear_sparse,2,0.25350408472631747,119.00263604277333,0.7924372197196904,0.3743946500471793,14.0,8.0,1546.5,321.0,126.0,28.0,234.0,39.5,1.0,86.64034596965712,84.77088488797985,0.31165669609625246,0.7876094390239259,55.670208663087806,0.6721560136887548,0.9325396825396826,0.06746031746031746,0.4982678195065447,1.0,0.0,0.49826781950654464,1.0,0.6136413081772614,0.0,0.0
nonlinear_signal,2,0.4318081883236661,2.4550691775947193,0.7997651314215999,0.803555549995508,12.0,8.0,1495.5,299.5,126.0,30.5,234.0,43.0,1.0,1.9765308876838934,1.8751707768905033,0.19699618091205312,0.5801208767072735,1.5776224767687526,0.6631787493789769,0.9484126984126984,0.051587301587301584,0.4992926345051054,1.0,0.0,0.4992926345051055,0.9978632478632479,0.5962181394277821,0.002136752136752137,0.0
