n_rows,n_columns,n_rules,mode,batch_size,seconds,peak_memory_mb
2000,8,120,full_matrix,-1,0.11313325599985546,4.67689323425293
2000,8,120,chunked,2048,0.16311384899972836,4.676455497741699
10000,8,120,full_matrix,-1,0.3088195939999423,23.23773193359375
10000,8,120,chunked,2048,0.23451688600016496,6.261963844299316
30000,8,120,full_matrix,-1,0.964391216000422,69.6316328048706
30000,8,120,chunked,2048,0.6434548759998506,9.167984962463379
