n_jobs,seconds,rows,equal
1,0.03014710700000478,2066,True
-1,0.04951680499999611,2066,True
