run,vectorized_seconds,legacy_seconds,speedup,results_match,faster
1,0.10723255700008849,0.2971058069999799,2.77066793249866,True,vectorized
2,0.08821575599995413,0.18387842699985413,2.084417062638445,True,vectorized
3,0.08730294299994057,0.17883983899992018,2.048497253981941,True,vectorized
4,0.08548064599995087,0.18366554199997154,2.14862136161298,True,vectorized
5,0.08441121500004556,0.17451709600004506,2.0674633814944006,True,vectorized
mean,0.09052862339999593,0.20360134219995416,2.2490272640107696,True,vectorized
